words,links,capital_words,spam_word_count,is_spam
456,7,24,9,1
273,4,6,8,1
282,0,5,6,0
300,5,3,6,1
773,7,1,4,1
56,2,2,1,0
375,3,3,3,1
269,2,3,2,0
253,3,18,7,1
251,3,4,2,0
97,0,3,0,0
416,3,5,8,1
491,1,10,3,0
989,10,6,2,1
175,5,6,9,1
198,9,6,10,1
148,8,4,8,1
778,3,10,3,1
314,2,8,0,0
614,0,16,5,1
133,0,1,0,0
763,6,1,3,1
85,6,4,3,1
82,3,26,9,1
490,3,30,1,1
133,2,1,0,1
129,0,3,6,0
253,0,2,5,0
133,0,20,6,1
574,4,27,8,1
238,1,6,2,0
145,1,5,5,0
332,7,5,6,1
280,2,3,2,0
30,4,1,1,0
173,1,2,1,0
356,2,1,8,1
178,1,1,1,0
985,3,10,3,1
953,8,14,3,1
247,1,7,6,1
126,2,1,2,0
97,2,2,2,0
503,10,13,3,1
171,1,7,0,0
86,5,27,8,1
867,1,3,4,1
197,9,6,3,1
405,7,17,8,1
209,3,0,0,0
302,2,2,2,0
65,3,2,7,1
237,0,7,2,0
601,5,14,0,1
70,5,13,6,1
257,3,1,1,0
298,0,1,1,0
897,7,4,10,1
68,8,2,8,1
131,0,3,2,0
279,5,2,2,0
174,4,0,1,0
760,10,9,7,1
39,0,4,0,0
135,5,3,0,0
223,1,3,1,0
152,2,1,6,0
138,0,4,1,0
200,0,6,10,1
703,9,27,3,1
156,3,9,5,1
184,9,28,7,1
769,10,3,5,1
532,9,15,10,1
304,3,25,8,1
290,0,9,3,0
553,3,9,10,1
297,2,13,7,1
242,1,1,4,0
52,10,2,2,1
840,7,24,5,1
297,1,3,2,0
458,2,2,2,0
187,4,9,5,1
501,7,7,5,1
967,3,28,3,1
236,1,19,3,1
607,9,11,1,1
55,2,1,0,0
49,0,2,4,0
84,2,1,2,0
338,8,7,8,1
300,0,1,1,0
177,0,0,0,0
245,4,16,0,1
231,1,2,6,0
253,2,3,2,0
131,0,10,4,1
521,4,14,8,1
155,2,17,5,1
60,1,2,2,0
515,3,2,3,1
95,5,3,7,1
157,2,2,8,1
505,10,3,6,1
300,0,1,1,0
735,10,29,1,1
841,2,28,8,1
203,0,10,2,0
182,2,15,8,1
178,2,18,5,1
888,2,8,5,1
122,8,12,8,1
167,3,4,4,1
182,2,5,4,0
791,2,30,1,1
345,3,3,1,0
217,2,1,1,0
719,9,2,8,1
574,7,0,10,1
126,4,3,1,0
39,2,3,2,0
337,1,4,3,1
988,3,14,4,1
510,2,30,7,1
277,3,0,1,0
171,1,2,0,0
84,2,2,2,0
112,3,12,3,1
440,3,25,0,1
442,3,28,10,1
188,7,10,7,1
216,2,3,2,0
868,9,14,5,1
35,2,3,2,0
76,3,19,7,1
79,0,2,0,0
260,0,0,0,0
277,1,6,4,1
166,1,2,0,0
720,5,9,3,1
101,1,2,2,0
192,7,17,9,1
649,6,2,0,1
877,9,20,5,1
283,1,1,1,0
898,10,25,3,1
129,1,3,4,0
138,7,28,4,1
888,8,5,6,1
102,2,0,2,0
127,9,2,7,1
82,4,5,3,1
638,6,21,1,1
21,0,1,1,0
846,3,16,5,1
765,4,6,10,1
230,1,2,2,0
102,2,5,10,1
59,0,2,1,0
944,2,7,10,1
57,2,0,4,0
431,1,18,10,1
179,2,10,0,0
43,1,1,0,0
57,0,1,1,0
906,2,2,2,1
640,3,16,2,1
169,0,2,1,0
64,1,5,2,0
88,9,27,6,1
53,2,0,2,0
136,0,1,2,0
160,0,3,2,0
177,2,3,0,0
69,3,29,3,1
543,5,2,5,1
262,2,2,2,0
427,0,29,4,1
754,2,12,5,1
283,4,26,6,1
107,6,14,3,1
429,1,2,2,0
83,1,0,0,0
170,2,11,10,1
471,2,9,6,1
430,8,16,3,1
846,0,4,4,1
81,2,1,2,0
48,2,9,1,0
601,8,5,9,1
182,2,9,10,1
351,2,23,0,1
670,2,16,2,1
291,4,1,10,1
951,8,8,6,1
48,3,2,0,0
766,10,11,10,1
777,3,28,3,1
206,1,1,0,0
309,2,26,7,1
421,2,3,0,0
154,2,1,2,0
340,0,2,2,0
64,1,2,2,0
875,2,21,7,1
705,9,23,9,1
80,2,3,0,0
133,1,2,2,0
90,2,1,1,0
299,7,10,8,1
610,4,25,3,1
189,5,5,7,1
245,2,2,2,0
484,2,1,3,0
153,1,1,1,0
675,9,26,2,1
192,2,3,2,0
959,5,21,5,1
630,6,22,4,1
699,3,5,3,1
868,7,5,7,1
231,4,0,1,0
288,10,21,3,1
51,2,1,0,0
699,4,11,10,1
247,1,3,0,0
611,4,21,5,1
241,2,5,4,1
317,5,8,4,1
302,7,15,0,1
290,1,3,6,0
259,0,1,6,0
268,2,2,1,0
446,1,0,2,0
208,0,0,0,0
135,3,23,9,1
911,3,18,8,1
93,0,0,4,0
792,6,28,7,1
141,9,5,1,1
127,2,15,7,1
241,1,5,1,0
151,0,0,2,0
349,10,25,6,1
884,9,30,10,1
685,3,24,10,1
199,2,2,0,0
592,7,3,3,1
130,8,18,8,1
177,2,2,1,0
100,7,21,6,1
987,1,2,1,1
203,2,3,1,0
217,2,1,2,0
193,0,0,2,0
40,1,5,0,0
396,5,7,9,1
244,2,2,2,0
331,0,3,2,0
400,3,29,8,1
818,4,11,4,1
50,2,23,7,1
148,0,0,2,0
472,9,20,1,1
206,0,2,2,0
115,4,10,0,0
519,6,8,6,1
523,7,18,7,1
368,1,4,1,0
79,0,3,2,0
128,5,4,3,1
124,9,7,5,1
259,8,21,9,1
869,2,18,1,1
166,0,1,3,0
935,4,10,8,1
144,1,4,0,0
98,2,2,0,0
99,2,2,2,0
27,1,6,2,0
106,2,5,10,1
378,2,2,1,0
183,0,2,0,0
48,0,0,1,0
374,3,17,3,1
637,4,7,9,1
177,10,6,3,1
157,8,0,10,1
284,2,3,4,0
160,9,20,0,1
488,8,20,1,1
49,1,2,1,0
780,3,7,8,1
139,0,3,1,0
172,3,1,1,0
59,1,0,1,0
612,0,22,3,1
52,3,0,2,0
287,2,0,0,0
114,0,2,0,0
181,1,4,3,0
217,1,2,1,0
206,5,3,1,0
658,6,27,10,1
999,3,2,9,1
429,0,3,2,0
380,2,5,2,0
128,2,8,3,1
205,0,1,2,0
135,3,17,9,1
275,1,1,2,0
242,4,0,1,0
736,2,25,5,1
258,1,1,1,0
959,3,28,4,1
463,8,7,8,1
399,9,21,2,1
296,3,17,0,1
929,7,19,1,1
149,1,7,2,0
294,0,2,6,0
73,0,3,1,0
173,2,18,6,1
250,5,5,2,0
285,2,3,1,0
274,1,1,0,0
167,5,3,4,0
167,0,8,1,0
295,0,2,1,0
652,3,26,1,1
229,2,3,0,0
633,2,19,8,1
67,8,23,7,1
74,1,1,1,0
161,1,3,1,0
999,6,11,6,1
196,1,1,2,0
59,0,1,2,0
245,4,8,1,0
97,2,3,0,0
307,7,7,3,1
732,4,11,1,1
127,2,26,7,1
292,1,3,1,0
905,4,5,8,1
299,1,8,2,0
243,2,1,2,0
910,8,4,1,1
294,0,1,2,0
477,2,25,10,1
64,9,10,6,1
274,2,0,2,0
961,2,23,6,1
495,10,30,10,1
187,8,15,6,1
681,4,18,10,1
64,1,2,0,0
599,2,18,9,1
281,1,1,0,0
155,9,30,1,1
638,7,25,9,1
110,1,18,9,1
694,5,11,1,1
283,2,3,1,0
260,2,10,2,0
247,1,2,2,0
65,3,2,1,0
590,2,30,8,1
254,4,4,8,1
214,2,21,10,1
869,7,12,0,1
134,9,2,6,1
112,3,13,7,1
456,3,11,10,1
190,3,3,2,0
242,1,1,2,0
255,4,1,4,0
215,1,1,0,0
474,9,19,7,1
159,2,1,2,0
382,4,1,6,0
140,2,14,2,1
640,9,15,8,1
35,0,1,1,0
142,3,26,9,1
80,4,19,6,1
190,4,5,3,1
208,5,3,0,0
873,2,16,7,1
131,2,6,6,1
40,2,1,1,0
528,4,17,7,1
161,5,8,6,1
120,7,5,2,1
297,0,1,2,0
156,2,1,0,0
176,1,6,2,0
62,2,10,1,0
772,4,14,2,1
125,1,0,2,0
177,2,13,8,1
405,9,1,4,1
113,3,3,1,0
265,0,4,3,0
54,5,12,7,1
26,0,0,0,0
256,2,3,2,0
283,5,3,0,0
645,6,3,8,1
270,0,1,1,0
97,7,4,6,1
802,10,30,8,1
156,8,24,2,1
67,5,2,2,0
295,0,3,1,0
959,2,30,3,1
797,8,20,6,1
735,7,30,1,1
75,3,0,1,0
325,2,3,0,0
253,2,6,2,0
358,1,17,1,1
333,2,0,2,0
410,5,0,10,1
167,2,13,1,1
452,5,24,3,1
375,1,6,1,0
218,2,2,1,0
211,10,8,5,1
273,2,26,6,1
225,4,10,2,0
53,2,16,6,1
59,0,20,7,1
714,4,20,9,1
871,3,10,8,1
221,1,2,2,0
138,0,0,2,0
172,3,2,2,0
298,2,2,3,0
533,4,5,5,1
694,3,23,5,1
779,0,6,2,1
178,3,1,0,0
225,0,3,6,0
107,0,1,2,0
45,1,1,1,0
47,0,0,1,0
656,6,27,3,1
61,8,7,4,1
334,5,5,9,1
231,0,1,2,0
161,9,17,9,1
163,1,0,1,0
228,1,3,2,0
786,8,9,0,1
246,2,2,0,0
327,2,0,10,1
294,2,3,3,0
487,5,6,3,1
244,9,4,10,1
281,1,2,1,0
244,3,1,2,0
125,1,0,0,0
738,4,28,7,1
969,4,26,6,1
122,1,1,1,0
137,2,0,6,1
32,0,2,1,0
909,1,25,4,1
823,4,7,10,1
294,7,27,3,1
51,0,2,2,0
394,3,4,3,1
731,10,0,8,1
121,1,3,6,0
245,1,5,5,1
272,1,3,0,0
952,8,27,5,1
179,5,7,8,1
293,2,1,1,0
119,3,5,4,1
893,9,6,10,1
159,2,9,2,0
129,2,21,7,1
314,7,24,2,1
965,10,10,8,1
198,1,3,0,0
209,0,2,1,0
73,3,1,0,0
161,5,27,6,1
325,9,11,5,1
78,6,17,6,1
289,9,4,10,1
90,3,7,5,1
576,6,2,5,1
114,8,0,3,1
264,2,1,0,0
78,8,17,10,1
127,0,0,2,0
744,6,2,3,1
959,9,28,10,1
245,0,1,2,0
52,2,0,1,0
84,4,2,2,0
412,9,22,10,1
807,7,22,4,1
138,6,13,5,1
917,2,17,3,1
65,1,5,2,0
712,7,23,10,1
694,2,16,7,1
217,5,0,1,0
465,4,12,4,1
784,4,19,9,1
232,1,2,2,0
596,2,6,2,1
199,7,5,4,1
368,2,16,2,1
928,9,5,4,1
892,7,24,8,1
185,2,21,6,1
513,5,21,8,1
138,2,11,3,1
335,0,10,9,1
933,2,7,3,1
596,7,5,8,1
45,1,2,1,0
244,2,2,4,0
809,2,28,6,1
565,7,15,5,1
249,0,3,2,0
941,9,8,0,1
513,4,4,1,1
874,8,5,8,1
174,0,3,6,0
142,9,8,8,1
565,10,14,10,1
874,1,1,5,1
259,1,3,0,0
90,2,8,1,0
95,8,13,3,1
409,10,25,4,1
232,0,0,1,0
260,1,0,2,0
889,3,20,7,1
42,1,1,2,0
32,0,4,2,0
190,2,27,9,1
784,9,6,3,1
186,2,1,1,0
275,1,5,0,0
33,1,2,2,0
96,2,3,2,0
238,3,11,9,1
250,9,4,2,1
643,5,27,6,1
284,1,3,0,0
234,1,0,5,0
166,0,0,2,0
202,2,0,0,0
220,9,24,2,1
113,10,9,6,1
770,9,0,7,1
449,5,26,4,1
115,1,5,0,0
236,2,1,2,0
294,2,3,0,0
64,9,24,2,1
54,2,1,1,0
231,4,3,2,0
251,3,27,6,1
511,3,26,5,1
117,2,0,2,0
277,8,15,3,1
200,5,3,2,0
326,8,11,4,1
629,9,21,1,1
994,9,20,1,1
433,1,2,2,0
36,3,0,2,0
26,4,1,1,0
278,2,0,0,0
751,6,1,9,1
781,8,22,2,1
205,0,0,1,0
210,2,6,3,1
428,9,5,2,1
331,3,8,10,1
160,2,2,2,0
269,2,1,0,0
95,2,3,0,0
177,4,22,2,1
164,3,0,2,0
278,10,11,6,1
38,1,2,1,0
80,1,3,2,0
270,2,2,4,0
202,2,2,0,0
88,4,2,2,0
653,6,21,2,1
376,2,26,7,1
414,1,1,0,0
596,1,5,0,1
426,0,2,1,0
103,4,3,7,1
375,5,24,1,1
953,8,9,4,1
644,8,15,4,1
294,4,15,9,1
457,2,1,2,0
333,3,5,4,1
97,0,3,0,0
238,0,2,2,0
871,8,6,6,1
881,5,26,4,1
849,2,8,1,1
174,5,6,2,0
134,2,3,2,0
793,4,1,2,1
277,1,1,0,0
273,2,0,0,0
761,2,2,6,1
184,3,2,2,0
151,9,23,6,1
157,2,13,5,1
33,1,2,2,0
192,1,0,2,0
167,5,3,1,0
270,1,3,4,0
279,0,1,0,0
214,1,2,1,0
639,3,17,3,1
371,4,7,6,1
265,3,3,2,0
134,4,29,7,1
409,2,15,3,1
126,1,2,1,0
843,5,8,5,1
106,3,3,1,0
193,7,18,1,1
297,0,2,2,0
465,2,3,2,0
944,3,23,7,1
161,5,5,0,0
740,8,14,6,1
234,4,29,5,1
256,0,1,1,0
29,1,2,1,0
174,1,2,3,0
722,10,17,1,1
62,0,1,1,0
151,2,9,9,1
484,9,7,10,1
199,2,0,4,1
875,3,30,8,1
158,3,10,5,1
982,6,8,8,1
127,0,4,0,0
545,7,19,3,1
438,1,1,1,0
749,4,1,10,1
422,2,1,0,0
83,10,5,4,1
791,3,22,7,1
871,8,5,4,1
163,5,0,1,0
400,10,27,10,1
360,2,1,5,0
366,3,0,5,1
165,2,3,5,0
149,1,3,2,0
182,4,7,8,1
23,1,2,0,0
74,0,2,0,0
121,0,17,4,1
636,7,21,7,1
270,2,3,0,0
409,5,16,2,1
350,6,1,7,1
106,2,0,6,0
56,0,3,1,0
343,0,2,1,0
800,3,15,3,1
70,9,17,1,1
157,2,16,10,1
222,2,0,0,0
748,3,22,10,1
137,7,18,7,1
301,1,21,3,1
417,5,13,8,1
291,0,3,0,0
680,4,8,0,1
598,9,20,6,1
277,2,0,5,0
219,0,0,0,0
938,9,6,3,1
691,3,26,3,1
631,6,22,0,1
359,0,0,0,1
425,0,2,1,0
218,3,12,10,1
176,5,4,4,1
454,4,15,2,1
451,2,19,3,1
133,2,1,0,0
234,1,0,2,0
274,4,23,4,1
194,3,19,3,1
192,2,30,7,1
35,1,0,2,0
768,7,19,3,1
122,9,5,9,1
94,1,3,0,0
279,0,3,1,0
210,0,0,4,0
865,2,27,7,1
81,2,2,2,0
189,2,2,2,0
255,2,1,2,0
184,2,4,1,0
145,0,16,3,1
973,5,21,8,1
341,3,11,8,1
937,4,8,4,1
69,1,1,2,0
237,2,2,1,0
454,0,0,0,0
184,8,2,6,1
213,1,3,0,0
181,0,2,2,0
160,2,2,0,0
119,5,1,6,0
52,2,2,2,0
79,1,0,2,0
314,0,2,0,0
988,6,0,3,1
107,0,2,0,0
149,1,0,1,0
159,4,3,0,0
296,2,28,9,1
97,2,6,8,1
131,10,16,7,1
211,1,2,2,0
295,4,3,0,0
144,0,2,2,0
602,10,16,6,1
632,4,24,4,1
863,10,0,7,1
66,1,10,2,0
521,1,5,9,1
263,1,0,2,0
239,2,7,2,0
75,0,2,10,1
885,3,14,5,1
162,9,4,10,1
40,4,3,0,0
210,3,5,9,1
990,3,24,7,1
139,1,0,1,0
274,4,0,2,0
118,3,23,1,1
723,7,13,10,1
134,0,2,5,0
193,2,3,1,0
271,4,4,2,0
142,1,21,0,1
142,2,1,0,0
220,2,0,1,0
536,0,13,6,1
154,4,28,7,1
584,9,12,1,1
820,10,5,9,1
779,3,23,8,1
858,8,8,4,1
367,3,2,2,0
581,4,0,1,1
234,2,2,1,0
346,0,2,9,1
217,0,1,1,0
479,2,2,5,0
930,0,5,7,1
402,3,4,10,1
290,3,2,2,0
129,1,8,2,0
241,1,10,1,0
446,0,2,0,0
170,5,1,0,0
431,9,21,2,1
121,1,2,3,0
258,1,3,1,0
918,6,1,5,1
938,5,30,7,1
573,2,27,5,1
58,1,0,1,0
593,5,3,10,1
166,2,1,2,0
935,5,28,5,1
161,4,4,1,1
670,2,13,10,1
884,4,5,8,1
948,8,2,8,1
210,10,21,4,1
271,1,0,2,0
270,2,2,2,0
176,1,2,1,0
50,10,0,4,1
56,0,3,2,0
176,0,3,0,0
109,3,2,0,1
180,3,30,5,1
182,1,0,1,0
62,2,2,0,0
306,1,6,0,0
984,6,20,4,1
343,4,13,7,1
258,0,3,2,0
164,2,0,0,0
991,5,26,3,1
106,10,11,10,1
207,0,3,1,0
602,8,28,6,1
770,0,15,7,1
273,1,1,2,0
281,0,30,4,1
314,5,15,7,1
141,6,1,0,1
184,1,0,8,1
256,1,1,2,0
739,2,23,10,1
59,1,3,2,0
59,1,0,1,0
739,3,5,1,1
226,2,0,1,0
405,5,4,9,1
742,6,23,6,1
120,3,20,4,1
285,1,2,1,0
178,1,2,2,0
232,6,29,9,1
898,9,8,4,1
32,1,3,1,0
223,1,6,3,0
197,5,0,5,0
288,3,1,1,0
109,1,5,2,0
529,3,0,8,1
710,9,14,0,1
51,3,3,0,0
202,1,3,0,0
690,2,11,8,1
810,4,15,5,1
431,6,15,9,1
146,0,2,1,0
171,4,3,0,0
567,5,16,3,1
147,0,2,0,0
983,3,14,5,1
106,1,3,0,0
44,0,0,6,0
880,1,17,7,1
208,0,3,3,0
599,4,15,10,1
239,1,3,6,0
92,0,3,0,0
40,1,10,3,0
176,1,0,0,0
180,2,0,1,0
161,0,1,2,0
185,3,3,3,0
81,1,1,2,0
262,1,2,5,0
156,2,2,5,0
216,0,6,6,0
93,1,5,2,0
210,4,0,1,0
137,10,2,2,1
397,2,11,1,1
55,2,10,5,0
240,0,2,0,0
32,2,1,4,0
349,8,7,2,1
283,2,3,5,0
367,2,2,1,0
188,1,3,0,0
215,1,1,0,0
165,1,1,2,0
197,2,3,1,0
21,0,2,4,0
429,2,1,2,0
249,5,2,2,0
429,1,3,4,0
169,2,3,3,0
278,0,1,4,0
88,3,2,2,0
67,2,0,0,0
67,4,7,2,0
633,8,5,10,1
172,0,0,6,0
848,2,1,4,1
251,8,10,9,1
43,2,1,1,0
161,3,26,8,1
214,4,19,9,1
171,1,0,1,0
168,4,6,0,1
181,2,3,1,0
594,6,19,3,1
279,6,10,7,1
153,3,30,3,1
212,4,1,10,1
244,2,0,0,0
821,8,7,7,1
296,1,0,1,0
88,2,27,7,1
55,7,22,10,1
257,2,0,1,0
293,2,6,0,0
331,2,1,1,0
99,1,0,2,0
923,2,26,10,1
119,5,23,1,1
501,2,9,8,1
237,1,3,2,0
122,1,3,1,0
220,1,0,0,0
118,1,3,0,0
78,6,21,3,1
40,3,9,0,0
247,2,4,1,0
174,1,0,4,1
290,0,3,6,0
208,2,0,0,0
357,9,16,1,1
657,1,17,3,1
220,1,2,2,0
268,0,2,2,0
284,2,6,1,0
411,1,3,2,0
545,4,4,8,1
121,3,3,5,1
55,3,26,7,1
575,5,29,3,1
50,9,7,5,1
748,3,22,3,1
448,2,11,0,1
211,1,9,0,0
316,3,3,5,1
451,1,2,1,0
474,2,3,0,0
115,1,3,1,0
776,10,9,3,1
281,2,1,1,0
92,0,4,5,1
30,1,2,2,0
475,0,0,2,0
548,5,2,10,1
862,3,5,5,1
374,4,10,9,1
257,4,3,1,0
245,5,2,0,0
29,4,2,0,0
117,1,3,2,0
275,0,0,3,0
111,1,20,6,1
269,5,2,1,0
81,10,22,8,1
726,2,22,4,1
126,0,13,10,1
177,1,1,2,0
246,1,7,0,0
956,9,10,10,1
813,9,11,0,1
226,3,19,4,1
34,1,2,0,0
897,9,23,10,1
291,2,2,4,0
211,5,3,1,0
220,1,3,0,0
197,7,0,10,1
177,2,1,0,0
299,8,0,10,1
498,8,17,10,1
328,10,1,4,1
487,0,2,1,0
78,2,0,1,0
470,3,5,5,1
591,9,7,4,1
199,4,24,8,1
162,4,2,5,0
452,6,12,6,1
158,2,1,2,0
299,1,2,0,0
300,1,3,0,0
178,2,0,2,0
295,2,1,1,0
75,0,0,2,0
80,10,25,7,1
167,3,29,3,1
268,5,5,6,1
718,7,26,3,1
128,1,24,1,1
495,1,1,3,0
363,1,1,2,0
178,0,9,3,0
190,1,1,1,0
839,6,0,8,1
65,2,2,2,0
208,1,5,2,0
137,4,3,0,0
300,9,4,6,1
211,4,1,0,0
301,10,3,6,1
923,4,22,6,1
162,4,25,6,1
40,2,3,2,0
279,2,3,5,1
951,6,21,10,1
732,0,5,7,1
223,2,1,2,0
130,1,1,0,0
346,1,4,5,0
758,7,28,0,1
93,9,22,1,1
470,3,22,10,1
249,9,4,6,1
98,8,16,2,1
184,9,6,3,1
116,1,3,0,0
962,10,24,3,1
879,8,19,6,1
45,2,0,1,0
242,2,3,5,0
958,2,2,4,1
173,2,1,1,0
396,8,24,2,1
61,1,2,1,0
78,2,3,2,0
955,8,16,10,1
478,0,9,9,1
256,3,23,4,1
293,2,0,1,0
296,0,1,1,0
272,1,1,2,0
860,5,16,6,1
148,0,1,6,0
693,9,26,2,1
141,0,1,1,0
156,1,1,1,0
638,9,1,6,1
91,3,0,5,0
212,0,3,3,0
475,5,8,3,1
101,8,29,7,1
118,9,13,10,1
440,10,5,7,1
154,9,25,10,1
363,8,9,9,1
663,8,21,6,1
172,2,1,1,0
234,2,5,1,0
80,2,0,2,0
759,5,2,5,1
231,3,9,9,1
289,3,3,3,0
120,2,21,3,1
386,0,0,1,0
51,2,24,3,1
118,1,3,0,0
882,7,21,3,1
665,3,4,10,1
790,3,24,0,1
392,0,19,1,1
170,0,3,1,0
502,6,4,5,1
111,0,1,6,0
673,1,19,3,1
232,2,4,2,0
123,9,2,6,1
442,1,3,1,0
932,6,7,5,1
795,5,14,1,1
602,2,7,5,1
195,9,0,8,1
720,7,8,10,1
202,1,1,2,0
171,3,15,6,1
183,0,2,0,0
688,8,6,1,1
258,0,2,2,0
205,5,16,7,1
414,3,14,3,1
187,2,0,2,0
60,3,1,9,1
102,4,27,10,1
461,1,2,0,0
109,1,1,0,0
820,3,20,6,1
223,2,0,0,0
757,9,30,3,1
267,5,2,1,0
259,0,0,1,0
71,2,8,2,0
47,2,0,2,0
289,0,0,2,0
616,3,8,7,1
301,10,30,3,1
245,1,3,1,0
297,5,6,2,1
453,1,7,0,1
80,3,1,6,0
106,5,3,1,0
80,3,13,6,1
149,3,5,10,1
308,0,2,2,0
840,1,16,5,1
496,4,4,0,1
57,1,10,2,0
718,2,4,8,1
237,1,9,2,0
623,4,25,3,1
23,0,1,5,0
456,5,13,2,1
264,1,2,2,0
452,4,20,5,1
761,3,8,4,1
173,10,22,8,1
191,2,0,2,0
94,1,2,2,0
207,7,25,8,1
197,0,1,6,0
240,1,1,1,0
327,9,11,9,1
387,0,2,0,0
706,1,6,4,1
997,4,30,3,1
449,1,3,1,0
175,1,13,6,1
616,7,5,4,1
43,0,0,0,0
747,8,18,5,1
144,8,27,10,1
168,3,27,5,1
609,6,5,2,1
78,5,3,2,0
87,0,3,1,0
158,3,0,1,0
291,1,2,4,0
76,0,2,2,0
440,4,4,2,0
129,9,5,3,1
446,8,3,10,1
867,8,26,10,1
22,1,3,4,0
107,10,11,1,1
399,5,23,5,1
393,10,5,4,1
147,2,21,5,1
42,1,2,2,0
195,3,17,6,1
647,5,17,10,1
97,2,1,1,0
193,10,7,4,1
754,6,17,9,1
240,1,1,1,0
288,2,2,2,0
429,2,2,1,0
205,1,8,0,0
687,3,13,1,1
199,2,2,1,0
54,1,3,3,0
46,1,5,1,0
191,1,0,2,0
505,5,7,10,1
62,2,3,0,0
98,5,14,5,1
184,10,24,9,1
153,1,8,2,0
163,0,0,2,0
174,2,1,1,0
420,2,20,5,1
393,5,8,10,1
554,0,28,10,1
445,2,3,2,0
270,2,1,1,0
516,9,2,4,1
997,2,17,4,1
248,0,12,6,1
815,2,13,7,1
888,2,10,0,1
195,7,17,5,1
163,2,0,0,0
534,7,21,6,1
87,0,1,0,0
201,0,1,0,0
261,2,0,2,0
517,6,19,4,1
130,2,0,2,0
130,8,10,3,1
764,10,23,3,1
92,1,1,1,0
878,2,4,7,1
158,9,25,9,1
934,7,11,4,1
279,2,2,5,0
319,1,3,2,0
458,7,16,8,1
91,2,2,2,0
734,5,20,5,1
816,0,20,7,1
443,0,0,1,0
104,1,3,1,0
34,2,6,2,0
240,8,0,9,1
210,0,10,0,0
154,5,0,2,0
110,6,10,8,1
285,0,1,0,0
498,10,17,7,1
171,0,3,1,0
404,1,2,6,0
223,0,0,1,0
147,4,2,4,1
80,3,1,0,0
745,2,10,8,1
297,2,0,2,0
291,1,1,2,0
657,9,29,3,1
26,3,2,5,0
195,2,0,0,0
252,2,26,6,1
151,1,0,1,0
203,0,2,6,0
317,0,1,1,0
359,0,1,6,1
118,0,1,5,1
205,1,2,0,0
391,4,22,4,1
134,2,1,2,0
275,2,3,0,0
241,2,0,2,0
469,7,2,10,1
285,1,2,1,0
255,1,0,1,0
944,10,15,6,1
33,2,1,1,0
129,1,1,2,0
560,3,22,9,1
283,0,2,2,0
83,4,2,0,0
92,3,17,5,1
72,2,1,2,0
275,0,1,0,0
192,1,3,0,0
178,2,5,3,1
125,8,28,4,1
344,8,14,4,1
95,6,8,7,1
612,7,16,0,1
199,2,8,2,0
207,6,2,5,1
158,1,3,0,0
475,1,16,4,1
699,7,7,6,1
37,2,2,2,0
103,0,0,1,0
299,0,2,0,0
33,0,1,1,0
183,3,30,0,1
359,0,2,2,0
485,1,0,2,0
299,9,2,3,1
240,0,2,1,0
48,0,1,5,0
196,0,3,4,0
829,1,6,6,1
167,0,0,1,0
286,1,1,0,0
309,3,3,10,1
214,5,29,4,1
125,0,0,0,0
190,9,18,8,1
865,5,7,3,1
194,2,1,0,0
185,0,3,0,0
137,3,5,8,1
105,1,2,0,0
464,2,3,1,0
252,0,2,4,0
60,0,0,0,0
957,1,9,2,1
321,9,11,6,1
273,2,10,2,0
638,5,22,3,1
140,0,2,1,0
139,3,21,4,1
286,0,9,1,0
708,3,7,8,1
257,0,2,0,0
300,2,1,4,0
31,0,2,5,0
954,9,8,6,1
286,3,23,3,1
35,0,1,0,0
145,2,2,0,0
21,2,1,1,0
638,5,29,8,1
226,0,25,8,1
148,2,15,3,1
54,7,14,4,1
32,2,3,2,0
157,2,0,2,0
511,3,15,10,1
229,0,1,2,0
157,1,1,1,0
225,3,2,1,0
182,4,17,0,1
230,0,3,2,0
134,5,3,10,1
96,1,10,1,0
682,3,13,10,1
178,3,20,3,1
171,6,14,10,1
955,6,10,8,1
756,3,28,9,1
261,1,2,2,0
260,2,2,0,0
251,1,1,0,0
892,6,8,6,1
459,1,0,2,0
252,10,17,9,1
951,3,16,1,1
71,1,24,9,1
391,2,2,6,0
39,0,3,1,0
114,4,2,1,0
197,2,10,4,1
184,2,3,1,0
940,2,9,2,1
277,2,8,1,0
515,7,29,2,1
589,2,3,10,1
49,0,8,1,0
637,3,30,1,1
37,0,2,1,0
250,2,8,1,0
23,0,1,6,0
205,1,0,2,0
54,4,3,1,0
68,2,3,2,0
105,7,21,3,1
198,5,27,0,1
130,3,3,1,0
475,1,7,7,1
579,9,17,7,1
893,2,12,9,1
491,0,2,1,0
351,1,0,0,0
174,4,14,8,1
127,2,30,4,1
395,0,0,3,0
182,1,1,1,0
816,0,28,10,1
208,7,15,10,1
161,6,16,4,1
640,2,29,7,1
247,2,4,5,0
130,2,11,3,1
841,9,1,1,1
282,4,26,6,1
745,2,5,7,1
88,1,5,1,0
149,3,30,2,1
100,1,0,1,0
159,2,6,8,1
80,2,3,0,0
180,9,3,10,1
653,9,30,9,1
257,0,2,2,0
216,0,2,2,0
247,0,2,5,0
163,1,1,3,0
94,1,2,0,0
91,0,3,0,0
39,0,0,1,0
231,1,3,4,0
123,4,2,2,0
37,1,2,2,0
506,10,9,10,1
737,2,22,1,1
280,2,2,2,0
109,2,5,2,1
649,7,11,0,1
641,1,8,7,1
242,1,2,1,0
622,5,1,7,1
153,4,3,2,0
114,0,0,3,0
784,2,5,10,1
188,1,7,0,0
209,0,2,2,0
393,4,6,9,1
414,4,13,10,1
218,6,18,9,1
794,2,11,9,1
671,6,18,0,1
283,0,2,1,0
76,2,2,2,0
109,2,1,2,0
616,2,13,6,1
53,1,3,2,0
189,2,26,1,1
60,6,7,8,1
90,0,2,2,0
384,2,1,0,0
132,3,23,3,1
90,2,21,6,1
126,1,2,1,0
857,7,6,9,1
72,1,1,2,0
134,5,1,0,0
152,5,0,1,0
656,9,13,3,1
154,2,3,5,0
158,6,20,10,1
179,4,1,2,0
419,1,2,0,0
178,2,1,2,0
145,3,26,3,1
211,1,0,5,0
135,2,2,1,0
274,0,3,1,0
812,9,13,7,1
595,3,30,6,1
165,0,20,4,1
481,10,22,6,1
438,1,3,5,0
177,6,20,3,1
757,7,19,6,1
188,0,1,0,0
870,3,20,3,1
219,2,9,2,0
259,2,0,2,0
295,2,23,4,1
282,0,1,4,0
403,3,4,4,1
275,8,1,6,1
615,7,7,7,1
288,5,3,0,0
615,2,14,4,1
416,2,0,4,0
659,2,27,3,1
149,2,0,1,0
984,4,17,9,1
180,5,7,10,1
703,4,6,10,1
688,9,28,9,1
218,1,2,2,0
232,0,3,1,0
807,7,3,7,1
79,0,8,6,0
90,7,17,8,1
390,2,3,6,0
951,0,14,5,1
233,5,1,2,0
836,1,24,8,1
72,2,3,2,0
357,6,15,7,1
949,8,19,9,1
628,2,15,4,1
645,6,23,3,1
894,4,11,2,1
352,0,1,2,0
573,10,30,3,1
207,4,3,0,0
92,1,0,1,0
212,2,3,1,0
715,9,28,5,1
304,1,6,2,0
196,1,0,6,0
81,6,3,2,1
960,9,19,8,1
47,1,1,0,0
811,8,27,10,1
132,3,8,5,1
153,8,24,5,1
121,7,29,3,1
269,0,0,0,0
330,2,0,2,1
45,0,0,5,0
121,8,10,8,1
212,5,1,3,0
226,1,2,2,0
117,2,24,5,1
239,4,5,2,1
90,4,27,10,1
83,1,2,1,0
62,0,10,2,0
318,7,26,5,1
530,10,11,9,1
626,7,4,4,1
81,10,0,8,1
891,8,5,2,1
448,2,10,4,0
127,6,28,10,1
254,1,1,0,0
123,3,2,2,0
132,0,10,0,0
283,8,30,1,1
274,0,19,6,1
177,4,3,5,0
33,1,3,1,0
172,2,2,2,0
427,1,1,5,0
434,0,1,4,0
933,6,14,9,1
333,2,2,4,0
151,1,3,2,0
163,3,5,9,1
194,0,3,5,0
324,1,10,3,1
205,2,1,2,0
80,0,2,2,0
925,3,23,2,1
476,8,18,9,1
96,2,0,0,0
637,2,27,6,1
507,0,21,8,1
174,1,2,2,0
727,8,11,8,1
118,2,3,0,0
178,0,8,2,0
110,5,0,2,0
230,0,1,0,0
126,0,1,2,0
181,8,6,6,1
249,0,3,3,0
523,2,12,4,1
392,6,28,9,1
627,8,8,6,1
951,9,2,4,1
577,4,27,9,1
882,0,0,9,1
287,1,3,1,0
438,7,5,6,1
364,6,20,3,1
753,1,5,3,1
245,5,6,7,1
66,0,1,0,0
82,5,21,0,1
141,1,2,3,1
926,0,20,8,1
175,1,3,1,0
35,2,6,4,0
869,10,8,3,1
888,2,4,3,1
396,4,11,7,1
381,1,1,0,0
593,8,15,3,1
243,8,30,7,1
261,6,5,5,1
106,7,8,3,1
133,3,20,1,1
431,1,1,2,0
213,2,1,1,0
195,1,2,2,0
130,3,13,5,1
935,8,12,5,1
120,0,17,6,1
333,10,13,6,1
27,0,1,2,0
374,10,30,5,1
169,1,0,6,0
78,6,5,10,1
99,2,3,3,0
250,2,3,6,0
730,3,17,10,1
173,5,1,2,0
667,1,1,7,1
238,1,2,1,0
832,4,16,1,1
455,1,3,0,0
164,2,26,10,1
799,9,1,8,1
151,0,0,5,0
417,4,4,8,1
268,0,2,1,0
382,5,4,9,1
244,2,1,7,1
217,0,3,0,0
178,2,1,2,0
786,4,6,5,1
944,7,0,4,1
297,4,21,7,1
880,5,22,5,1
274,1,3,1,0
150,4,16,0,1
73,1,1,2,0
108,4,16,9,1
124,9,7,6,1
843,10,3,5,1
275,0,9,1,0
158,10,26,4,1
33,1,6,1,0
120,2,25,9,1
217,3,18,9,1
337,9,25,4,1
992,2,7,1,1
237,3,0,6,0
858,6,1,4,1
146,5,10,5,0
582,9,9,3,1
224,1,3,0,0
283,2,0,3,0
375,2,0,0,0
760,2,24,3,1
178,7,19,9,1
145,1,3,2,0
867,2,1,8,1
35,5,3,1,0
21,0,0,5,0
42,2,1,0,0
244,0,1,1,0
459,7,27,3,1
291,5,1,0,0
647,7,22,9,1
732,2,13,3,1
310,0,2,8,1
175,2,3,1,0
305,1,5,7,1
265,2,1,0,0
216,10,24,3,1
528,2,12,0,1
750,8,5,10,1
614,9,21,4,1
159,0,0,0,0
114,7,5,7,1
616,4,30,5,1
130,1,2,2,0
36,2,1,0,0
344,1,0,0,0
540,7,28,10,1
865,7,10,8,1
400,3,22,10,1
33,2,0,5,0
313,1,2,1,0
335,8,20,1,1
99,0,1,1,0
100,5,3,2,0
429,2,24,6,1
60,0,9,4,0
198,2,2,0,0
122,0,8,1,1
30,0,2,4,0
233,0,0,1,0
426,10,29,2,1
183,2,0,1,0
127,2,0,4,0
881,2,15,6,1
127,3,24,5,1
774,2,14,7,1
213,0,0,4,0
25,0,2,0,0
251,2,2,2,0
164,2,3,1,0
611,4,22,4,1
207,0,9,1,0
159,5,0,2,0
523,10,19,10,1
189,0,2,6,0
195,9,14,0,1
240,1,0,2,0
136,0,1,2,0
996,4,19,3,1
100,1,1,1,0
121,6,20,9,1
171,1,1,1,0
838,2,6,9,1
600,8,15,6,1
252,9,29,3,1
661,7,14,7,1
100,3,21,1,1
379,2,11,8,1
436,10,10,1,1
106,1,1,0,0
383,4,2,2,0
187,5,23,10,1
260,5,2,2,0
163,0,7,1,0
360,3,0,1,0
578,9,21,10,1
243,1,3,2,0
99,10,8,7,1
171,1,3,1,0
227,2,0,2,0
180,0,8,4,1
384,1,12,6,1
250,2,0,1,0
237,1,4,3,1
154,2,23,9,1
163,2,3,2,0
186,6,12,4,1
830,9,23,10,1
182,1,0,0,0
948,5,26,1,1
331,2,2,4,0
778,4,28,6,1
759,2,1,2,1
220,0,2,2,0
168,3,21,3,1
22,0,3,3,0
345,0,1,1,0
149,1,0,0,0
106,1,0,0,0
195,4,3,8,1
168,0,7,10,1
393,5,1,1,0
67,1,3,1,0
162,3,3,5,0
224,1,1,3,0
624,9,11,9,1
229,1,3,2,0
911,0,5,8,1
294,0,2,1,0
738,7,22,8,1
253,0,0,2,0
99,0,0,2,0
215,2,0,4,0
158,0,0,5,0
265,2,6,6,0
120,5,2,1,0
177,0,3,4,0
354,5,6,4,1
247,5,2,1,0
256,1,3,1,0
216,7,23,10,1
254,0,3,1,0
341,4,8,2,0
355,1,27,6,1
123,2,2,0,0
63,6,9,8,1
532,4,26,3,1
273,0,1,2,0
93,1,3,0,0
142,4,0,0,0
105,2,8,0,0
101,1,7,7,1
187,4,28,9,1
573,5,27,4,1
333,10,7,10,1
128,4,2,5,0
217,2,3,2,0
454,2,3,5,0
38,0,0,2,0
45,0,1,2,0
426,1,3,1,0
768,9,4,2,1
162,9,21,4,1
81,0,0,1,0
256,2,8,10,1
236,8,19,7,1
280,0,7,0,0
394,1,2,2,0
156,1,0,1,0
438,3,1,3,1
714,9,30,7,1
769,3,2,6,1
254,0,1,2,0
265,4,2,0,0
180,2,5,8,1
289,0,0,0,0
308,1,3,6,0
995,10,7,9,1
118,9,10,5,1
231,2,0,2,0
467,8,1,8,1
238,2,2,5,0
381,5,3,2,0
148,2,3,2,0
150,1,1,0,0
341,6,28,6,1
648,7,21,4,1
473,10,11,4,1
325,1,0,2,0
345,2,8,6,1
146,2,10,2,0
819,8,14,7,1
587,6,1,10,1
464,5,0,2,0
605,7,16,7,1
103,2,2,2,0
514,5,7,10,1
121,10,19,0,1
676,4,9,4,1
128,0,0,0,0
585,9,9,0,1
689,10,27,9,1
85,0,2,1,0
395,5,3,10,1
219,0,0,2,0
300,1,4,1,0
185,0,2,2,0
291,1,3,1,0
445,1,2,1,0
832,8,2,10,1
200,2,1,2,0
183,5,23,0,1
183,2,9,0,0
113,0,6,6,0
122,2,2,2,0
394,9,3,8,1
275,10,28,3,1
359,9,2,6,1
164,1,3,1,0
99,0,1,1,0
284,2,3,1,0
38,2,0,6,0
229,0,4,6,0
254,0,1,1,0
784,4,27,3,1
57,0,1,2,0
76,1,2,0,0
274,2,0,1,0
328,0,12,6,1
162,4,1,4,0
311,1,8,5,1
656,7,29,5,1
237,0,6,0,0
83,5,1,2,0
623,9,5,3,1
125,2,0,2,0
869,5,24,3,1
57,1,2,0,0
425,6,2,5,1
111,2,0,2,0
47,3,1,5,0
558,6,0,10,1
87,3,0,2,0
352,2,0,5,0
473,1,0,2,0
315,3,21,3,1
108,0,1,6,0
551,0,21,8,1
101,2,3,1,0
430,8,18,6,1
672,5,13,10,1
121,0,9,6,0
228,1,0,0,0
811,10,10,8,1
348,6,1,7,1
87,0,3,2,0
166,0,9,0,0
131,5,26,3,1
878,5,4,5,1
614,4,28,0,1
995,2,16,7,1
210,0,3,0,0
240,0,3,5,0
124,4,1,5,1
109,1,1,1,0
295,2,2,1,0
217,2,10,0,0
266,2,5,4,0
341,4,27,3,1
189,1,2,1,0
402,1,1,1,0
194,2,3,3,0
108,0,0,9,1
62,1,1,2,0
130,1,2,5,0
60,3,25,9,1
517,6,6,7,1
68,0,0,2,0
72,2,19,4,1
78,1,10,2,0
493,3,1,4,0
610,1,8,7,1
165,0,1,1,0
191,6,19,8,1
121,0,0,2,0
588,3,11,6,1
186,2,2,2,0
209,4,2,4,1
544,1,15,5,1
71,1,2,2,0
77,3,3,2,0
464,2,3,1,1
805,10,3,1,1
208,3,19,8,1
993,3,29,3,1
266,0,0,3,0
39,1,2,0,0
369,2,4,6,0
106,8,3,6,1
168,2,7,2,0
460,4,0,1,0
322,5,2,1,0
900,3,13,3,1
602,10,30,5,1
172,2,8,4,0
206,0,0,0,0
396,1,15,0,1
428,1,0,1,0
168,4,13,2,1
208,1,2,0,0
249,1,3,1,0
105,1,2,1,0
213,0,4,0,0
197,1,1,4,0
85,0,3,1,0
672,5,23,4,1
56,10,7,4,1
642,5,6,6,1
641,10,14,3,1
311,9,29,3,1
150,1,10,1,0
344,9,1,1,1
89,1,2,1,0
288,7,18,3,1
190,6,13,6,1
83,2,0,0,0
826,7,5,0,1
294,1,2,1,0
165,1,3,2,0
164,7,10,6,1
66,2,29,3,1
396,4,16,4,1
87,2,2,1,0
390,6,23,3,1
655,1,28,3,1
710,2,6,7,1
179,2,29,6,1
612,10,20,4,1
295,0,1,0,0
476,10,11,8,1
51,2,6,3,1
341,2,19,8,1
435,2,0,1,0
489,2,26,8,1
728,2,22,3,1
132,2,5,6,0
380,1,0,1,0
167,5,1,1,0
281,1,1,2,0
110,1,2,0,0
282,1,1,1,0
504,8,6,4,1
695,3,25,10,1
107,2,0,2,0
291,3,0,6,0
938,6,0,9,1
216,0,8,2,0
204,2,3,0,0
835,5,18,10,1
295,2,1,3,0
799,7,28,5,1
223,7,21,3,1
159,0,1,2,0
63,2,5,2,0
200,1,1,1,0
806,10,23,7,1
140,10,21,9,1
210,0,1,1,0
473,1,0,1,0
64,0,2,0,0
200,2,3,0,0
31,0,3,2,0
136,4,16,10,1
153,5,2,6,1
366,6,12,8,1
103,10,5,7,1
700,6,22,4,1
78,3,3,9,1
53,0,1,1,0
131,7,20,10,1
39,0,0,0,0
82,10,8,0,1
296,2,1,2,0
430,7,5,9,1
303,4,0,1,0
136,0,6,2,0
214,3,2,1,0
635,2,9,6,1
53,3,8,4,1
162,2,1,1,0
447,2,0,0,0
732,6,27,7,1
287,2,4,0,0
158,0,11,6,1
353,2,7,5,1
580,9,26,4,1
212,9,26,7,1
233,1,0,1,0
460,3,15,4,1
85,4,16,10,1
361,9,25,9,1
356,10,3,9,1
652,10,12,6,1
220,2,1,1,0
124,0,4,3,0
164,2,4,2,0
280,1,0,1,0
261,1,3,0,0
201,0,7,2,0
109,1,3,0,0
374,4,18,8,1
124,0,28,7,1
147,1,3,0,0
431,4,5,5,1
590,5,5,8,1
488,0,3,2,0
278,2,3,1,0
407,10,10,3,1
93,1,5,1,0
238,0,10,0,0
593,4,20,3,1
966,10,20,10,1
92,0,3,1,0
196,0,1,2,0
103,1,2,1,0
972,8,1,8,1
73,9,5,0,1
239,0,4,2,0
90,1,3,2,0
266,0,0,0,0
679,3,16,5,1
226,0,0,4,0
141,2,2,1,0
681,7,22,1,1
239,1,1,2,0
536,9,5,10,1
168,5,5,3,1
278,7,18,10,1
76,3,5,9,1
676,5,24,5,1
395,4,6,10,1
983,5,4,7,1
982,4,15,5,1
186,0,2,1,0
215,2,0,1,0
126,3,21,9,1
225,2,27,10,1
296,2,1,1,0
298,2,1,6,0
93,0,3,2,0
125,8,28,10,1
205,7,13,7,1
408,1,0,1,0
79,1,3,3,0
363,0,2,0,0
668,9,1,5,1
149,3,25,6,1
204,1,8,2,0
39,2,1,0,0
202,2,3,0,0
90,8,23,6,1
244,2,0,6,0
363,5,11,5,1
232,2,30,6,1
162,2,3,5,0
175,0,0,1,0
34,1,1,1,0
278,2,7,7,1
68,1,1,6,0
781,8,16,7,1
489,2,1,0,0
623,3,7,2,1
132,0,1,0,0
230,2,3,1,0
149,1,8,10,1
782,6,6,8,1
248,3,19,6,1
176,2,1,2,0
483,0,15,7,1
789,0,14,0,1
94,0,1,2,0
302,6,21,8,1
825,6,21,8,1
189,2,3,1,0
866,7,5,8,1
265,2,1,2,0
203,2,2,5,0
558,6,24,5,1
986,5,27,5,1
22,2,2,2,0
344,0,3,1,0
73,8,11,9,1
196,0,1,0,0
288,1,2,4,0
158,9,12,7,1
249,0,2,4,0
134,9,2,8,1
107,2,2,6,0
560,5,17,3,1
249,7,10,9,1
130,1,3,2,0
75,1,4,0,0
52,7,12,7,1
699,2,24,5,1
183,3,4,3,1
470,1,3,1,0
206,3,1,1,0
78,0,7,1,0
143,0,5,8,1
210,0,0,1,0
898,2,3,7,1
51,1,2,0,0
295,3,1,2,0
151,1,2,6,0
213,1,3,0,0
38,1,6,1,0
623,8,10,2,1
149,6,5,0,1
156,2,4,8,1
897,8,25,2,1
114,10,28,9,1
81,1,3,1,0
170,4,20,7,1
74,1,1,0,0
242,0,5,1,0
63,0,17,4,1
219,1,3,1,0
112,1,2,0,0
110,0,3,1,0
120,1,3,0,0
165,0,3,1,0
213,7,7,2,1
212,5,2,0,0
167,0,2,0,0
482,2,0,2,0
753,4,0,2,1
183,9,5,9,1
292,1,3,0,0
273,2,0,3,0
120,0,2,0,0
60,0,2,1,0
640,4,2,0,1
27,1,2,2,0
59,5,3,1,0
146,4,12,7,1
207,2,2,2,0
219,1,8,1,1
975,5,27,5,1
182,9,27,0,1
275,2,26,7,1
302,9,22,8,1
286,0,3,2,0
961,9,30,6,1
872,5,0,10,1
50,0,3,4,1
273,2,3,1,0
169,8,25,9,1
458,1,3,9,1
872,7,11,7,1
160,1,1,0,0
51,5,7,2,0
163,2,25,3,1
102,1,2,0,0
170,2,2,2,0
167,2,0,1,0
83,2,1,0,0
468,1,4,1,0
270,1,3,0,0
469,4,3,5,1
118,1,1,2,0
138,0,10,9,1
269,1,8,0,0
192,9,13,8,1
212,3,19,7,1
418,1,21,6,1
231,8,6,7,1
276,1,7,2,0
137,2,0,0,0
961,7,1,4,1
70,2,5,2,0
798,5,12,7,1
533,2,5,4,1
116,2,24,1,1
205,1,0,5,0
98,6,3,6,1
169,0,2,3,0
405,10,14,5,1
156,1,9,1,0
103,1,3,1,0
187,2,3,0,0
249,7,6,3,1
78,2,3,2,0
133,4,23,3,1
188,2,9,3,0
812,10,6,3,1
211,0,18,0,1
73,0,0,0,0
724,6,0,10,1
226,1,6,2,0
221,1,5,2,0
810,7,16,4,1
458,9,16,5,1
528,9,16,9,1
156,0,0,2,0
204,1,0,6,0
198,6,19,1,1
620,6,8,0,1
364,1,1,1,0
498,7,10,5,1
258,5,9,2,0
318,4,25,6,1
127,9,17,8,1
997,6,6,7,1
294,2,3,5,0
383,8,0,0,1
56,3,1,5,1
372,1,2,2,0
198,1,7,3,0
475,2,1,1,0
284,1,3,2,0
137,2,2,0,0
480,4,28,9,1
31,5,1,6,0
192,9,5,10,1
89,4,29,3,1
166,1,2,4,0
839,1,27,10,1
260,8,5,4,1
179,2,20,0,1
152,2,23,10,1
118,1,7,0,0
226,0,3,0,0
340,1,3,6,0
47,1,8,1,0
181,1,3,0,0
198,7,22,8,1
221,1,0,0,0
173,1,7,2,1
180,5,10,0,0
252,0,0,1,0
60,1,3,0,0
100,2,1,2,0
69,0,3,1,0
148,2,1,1,0
125,2,12,3,1
279,9,14,3,1
224,0,3,2,0
215,1,5,2,0
237,1,1,1,0
868,10,16,5,1
290,1,0,0,0
275,2,0,0,0
243,1,3,0,0
142,0,0,1,0
855,7,22,4,1
205,1,5,6,0
61,0,10,3,0
174,4,3,4,0
226,4,8,9,1
183,1,23,3,1
91,1,9,5,0
201,2,9,2,0
297,2,1,2,0
741,2,21,8,1
751,5,17,8,1
850,6,4,3,1
222,2,0,5,0
946,7,16,10,1
56,2,0,0,0
888,7,9,8,1
183,4,2,3,0
89,2,1,0,0
242,0,3,0,0
165,1,2,1,0
701,4,7,7,1
943,10,7,7,1
200,1,0,0,0
198,3,19,4,1
575,5,27,4,1
900,2,2,1,1
59,2,0,0,0
267,3,1,6,0
959,2,30,6,1
220,2,2,1,0
401,0,1,0,0
213,0,0,2,0
242,2,2,1,0
54,1,6,0,0
222,1,2,0,0
892,9,20,3,1
190,3,2,4,0
633,1,19,2,1
488,2,0,1,0
447,1,8,2,0
243,5,9,4,1
89,2,3,1,0
289,0,2,3,0
74,3,12,4,1
164,2,0,8,1
379,0,1,0,0
224,2,3,2,0
281,2,4,6,1
152,2,1,2,0
120,1,5,0,0
196,0,9,6,1
874,6,25,4,1
577,3,19,5,1
638,2,25,1,1
260,1,1,0,0
101,3,0,1,1
721,4,21,9,1
77,5,27,6,1
350,7,13,8,1
158,2,4,1,0
299,0,2,0,0
190,10,1,4,1
958,7,26,7,1
129,6,20,1,1
138,7,30,3,1
419,2,10,3,1
293,6,27,10,1
613,2,13,5,1
414,3,26,10,1
242,1,0,0,0
122,4,0,4,0
621,10,28,2,1
192,10,23,6,1
241,2,3,1,0
93,4,0,6,0
96,2,0,1,0
54,2,0,0,0
388,5,17,5,1
427,2,2,1,0
82,0,2,1,0
581,0,13,6,1
153,2,4,0,0
164,1,1,0,0
638,10,20,2,1
775,10,1,3,1
23,0,3,2,0
664,10,6,7,1
327,7,0,9,1
144,5,29,6,1
803,0,16,5,1
906,7,6,1,1
361,3,14,10,1
192,1,1,1,0
274,1,2,2,0
250,10,29,5,1
261,1,4,1,0
201,2,16,8,1
129,10,1,5,1
108,10,20,5,1
244,2,1,2,0
130,2,0,0,0
827,1,26,10,1
496,2,3,0,0
448,9,10,9,1
863,7,17,5,1
75,3,7,6,1
69,4,1,3,0
173,2,1,5,0
802,2,15,3,1
911,3,17,4,1
298,3,1,2,0
326,1,0,1,0
198,1,3,9,1
610,8,20,5,1
414,8,11,10,1
123,3,5,4,1
133,0,10,2,0
745,10,18,6,1
28,0,0,2,0
123,2,6,1,0
280,0,2,6,0
56,1,2,2,0
474,4,13,3,1
796,3,25,2,1
327,0,3,0,0
23,4,2,6,0
250,3,7,0,0
553,1,6,3,1
741,3,13,10,1
719,4,5,5,1
337,3,9,7,1
217,7,23,7,1
56,3,1,2,0
185,4,26,2,1
459,1,0,2,0
567,1,16,4,1
706,6,7,4,1
139,6,3,7,1
738,3,2,8,1
156,1,0,2,0
134,2,22,9,1
324,5,25,8,1
695,2,0,3,1
111,1,1,1,0
375,3,23,9,1
195,2,28,3,1
75,0,2,1,0
452,3,14,4,1
24,4,0,5,0
228,1,2,2,0
87,0,0,1,0
62,0,3,3,0
218,2,5,0,0
151,0,4,2,0
414,5,2,7,1
744,2,23,0,1
210,3,2,2,0
334,3,27,6,1
254,1,2,2,0
457,0,2,0,0
188,1,3,2,0
155,2,1,3,0
402,2,3,2,0
739,6,30,6,1
149,5,21,9,1
889,9,11,6,1
193,1,1,1,0
77,7,4,1,1
237,1,0,1,0
160,8,6,1,1
163,2,3,0,0
410,5,22,9,1
170,2,9,2,0
96,0,3,1,0
87,0,3,0,0
603,10,11,3,1
271,1,3,6,0
108,6,9,2,1
184,2,10,2,0
149,1,0,1,0
546,0,22,7,1
235,8,2,3,1
92,1,2,0,0
832,1,5,3,1
145,1,2,0,0
92,2,5,1,1
21,0,1,1,0
160,5,16,5,1
130,0,0,0,0
197,3,3,2,0
283,2,0,1,0
904,3,23,7,1
242,3,1,6,0
37,0,2,0,0
208,2,15,0,1
45,2,1,5,0
532,7,25,4,1
46,0,7,0,0
338,0,0,0,0
170,10,26,6,1
721,5,19,1,1
256,0,1,2,0
170,1,2,0,0
357,1,3,1,0
860,9,13,10,1
106,0,1,3,0
179,4,13,10,1
453,6,8,7,1
143,4,5,4,1
289,0,1,1,0
141,10,29,5,1
276,8,14,6,1
122,4,20,8,1
460,2,9,8,1
167,2,12,7,1
134,4,3,1,0
652,8,3,6,1
57,3,24,6,1
412,6,6,4,1
324,0,8,3,0
665,9,15,8,1
115,0,3,0,0
250,1,4,1,0
791,9,27,6,1
235,1,0,1,0
21,0,2,1,0
646,4,25,9,1
172,2,0,1,0
474,8,23,6,1
176,0,7,6,0
143,5,26,4,1
58,2,1,0,0
630,5,5,4,1
202,1,5,3,0
132,0,26,5,1
420,3,20,1,1
25,2,3,1,0
172,2,0,4,1
185,0,3,1,0
399,1,2,0,0
418,1,1,2,0
419,8,8,6,1
731,0,21,3,1
162,0,3,1,0
301,1,9,2,0
447,6,21,9,1
180,3,2,0,0
206,1,0,1,0
290,8,6,7,1
429,2,1,4,0
247,0,1,4,0
